{"cameraMode":{"drawMode":0,"name":"Shaded","section":"Shading Mode"},"sceneLighting":false,"audioPlay":false,"sceneViewState":{"showFog":true,"showMaterialUpdate":false,"showSkybox":false,"showFlares":true,"showImageEffects":true,"showParticleSystems":true},"in2DMode":false,"pivot":{"x":404.65350341796877,"y":49.27000045776367,"z":31.780000686645509},"rotation":{"x":0.3887110650539398,"y":-0.5209254622459412,"z":0.28790727257728579,"w":0.7033236622810364},"size":2.100531578063965,"orthographic":true}