{"cameraMode":{"drawMode":0,"name":"Shaded","section":"Shading Mode"},"sceneLighting":true,"audioPlay":false,"sceneViewState":{"showFog":true,"showMaterialUpdate":false,"showSkybox":true,"showFlares":true,"showImageEffects":true,"showParticleSystems":true},"in2DMode":false,"pivot":{"x":70.1427230834961,"y":-50.45477294921875,"z":150.50100708007813},"rotation":{"x":0.10485343635082245,"y":0.7208243608474731,"z":-0.11182402819395066,"w":0.6759673357009888},"size":30.338491439819337,"orthographic":true}