{"cameraMode":{"drawMode":0,"name":"Shaded","section":"Shading Mode"},"sceneLighting":false,"audioPlay":false,"sceneViewState":{"showFog":true,"showMaterialUpdate":false,"showSkybox":false,"showFlares":true,"showImageEffects":true,"showParticleSystems":true},"in2DMode":false,"pivot":{"x":11.693866729736329,"y":-52.869998931884769,"z":100.59144592285156},"rotation":{"x":0.05874944478273392,"y":0.9127410650253296,"z":-0.14158713817596436,"w":0.37870746850967409},"size":1.41196870803833,"orthographic":false}