{"cameraMode":{"drawMode":0,"name":"Shaded","section":"Shading Mode"},"sceneLighting":false,"audioPlay":false,"sceneViewState":{"showFog":true,"showMaterialUpdate":false,"showSkybox":false,"showFlares":true,"showImageEffects":true,"showParticleSystems":true},"in2DMode":false,"pivot":{"x":11.423295021057129,"y":-53.19209671020508,"z":100.39901733398438},"rotation":{"x":0.05874944478273392,"y":0.9127410650253296,"z":-0.14158713817596436,"w":0.37870746850967409},"size":1.462630271911621,"orthographic":false}