{"cameraMode":{"drawMode":0,"name":"Shaded","section":"Shading Mode"},"sceneLighting":true,"audioPlay":false,"sceneViewState":{"showFog":true,"showMaterialUpdate":false,"showSkybox":true,"showFlares":true,"showImageEffects":true,"showParticleSystems":true},"in2DMode":false,"pivot":{"x":453.7055969238281,"y":472.14501953125,"z":95.18901062011719},"rotation":{"x":0.224891796708107,"y":-0.06830285489559174,"z":0.01593158207833767,"w":0.9719108939170837},"size":286.85955810546877,"orthographic":false}