{"cameraMode":{"drawMode":0,"name":"Shaded","section":"Shading Mode"},"sceneLighting":false,"audioPlay":false,"sceneViewState":{"showFog":true,"showMaterialUpdate":false,"showSkybox":false,"showFlares":true,"showImageEffects":true,"showParticleSystems":true},"in2DMode":false,"pivot":{"x":11.693866729736329,"y":-45.75624465942383,"z":100.59144592285156},"rotation":{"x":0.3128572702407837,"y":0.44001975655555727,"z":-0.16684575378894807,"w":0.825199544429779},"size":0.8660253882408142,"orthographic":false}