{"cameraMode":{"drawMode":0,"name":"Shaded","section":"Shading Mode"},"sceneLighting":true,"audioPlay":false,"sceneViewState":{"showFog":true,"showMaterialUpdate":false,"showSkybox":true,"showFlares":true,"showImageEffects":true,"showParticleSystems":true},"in2DMode":false,"pivot":{"x":404.65350341796877,"y":49.60519790649414,"z":31.718769073486329},"rotation":{"x":0.09410322457551956,"y":-0.5350049734115601,"z":0.06011504307389259,"w":0.8374447226524353},"size":2.821279287338257,"orthographic":true}