{"cameraMode":{"drawMode":0,"name":"Shaded","section":"Shading Mode"},"sceneLighting":true,"audioPlay":false,"sceneViewState":{"showFog":true,"showMaterialUpdate":false,"showSkybox":true,"showFlares":true,"showImageEffects":true,"showParticleSystems":true},"in2DMode":false,"pivot":{"x":340.39581298828127,"y":19.931732177734376,"z":-96.85753631591797},"rotation":{"x":0.6080465912818909,"y":0.3447876274585724,"z":-0.3305974006652832,"w":0.6341320872306824},"size":175.48899841308595,"orthographic":true}